id,name,email,mobile,date,state,profile,commitments
1,Daksh_Rawat,daksh@example.com,9876543210,2025-10-25,Delhi,Student,3
2,Aarav_Mehta,aarav@example.com,9876501234,2025-10-26,Mumbai,Engineer,2
3,Simran_Kaur,simran@example.com,9876512345,2025-10-27,Chandigarh,Researcher,4
4,Ananya_Sharma,ananya@example.com,9876523456,2025-10-28,Bangalore,Designer,5
5,Aditya_Patel,aditya@example.com,9876534567,2025-10-29,Ahmedabad,Entrepreneur,1
6,Isha_Verma,isha@example.com,9876545678,2025-10-29,Pune,Doctor,3
7,Rahul_Nair,rahul@example.com,9876556789,2025-10-29,Kochi,Teacher,2
8,Neha_Gupta,neha@example.com,9876567890,2025-10-29,Jaipur,Architect,4
9,Karan_Singh,karan@example.com,9876578901,2025-10-29,Noida,Developer,3
10,Meera_Joshi,meera@example.com,9876589012,2025-10-29,Goa,Environmentalist,5